interaction_energy,vertical_offset,offset,distance
-17.941394829626145,2.9,0.1,2.9017236257093817
-17.917191116147198,2.85,0.05,2.850438562747845
-17.9029094799844,2.95,0.05,2.950423698386386
-17.819166292140302,2.95,0.15,2.953811097548386
-17.802616529790342,2.85,0.15,2.8539446385660674
-17.799700940533853,2.9,0.2,2.9068883707497264
-17.716417545247342,3.0,0.0,3.0
-17.712558322270727,2.8,0.0,2.8
-17.69212435079456,3.0,0.1,3.0016662039607267
-17.660082508388932,2.95,0.25,2.9605742686174925
-17.65415959681888,2.8,0.1,2.80178514522438
-17.610751226178852,2.85,0.25,2.8609439001839934
-17.589586347306987,3.0,0.2,3.0066592756745814
-17.58677853534135,2.9,0.3,2.9154759474226504
-17.479084582484433,2.8,0.2,2.80713376952364
-17.443497593806875,2.95,0.35,2.9706901555025897
-17.42111871875955,3.0,0.3,3.014962686336267
-17.325900623605264,2.85,0.35,2.871410803072246
-17.304178050065033,2.9,0.4,2.9274562336608896
-17.28310249343646,3.05,0.05,3.0504098085339284
-17.282238265366928,2.75,0.05,2.7504545078950136
-17.26900577425632,3.05,0.25,3.060228749619871
-17.213998520509655,3.05,0.15,3.053686296920494
-17.202896704672266,2.8,0.3,2.8160255680657444
-17.197201937334654,3.0,0.4,3.026549190084311
-17.160740019045576,2.95,0.45,2.984124662275355
-17.156475254294296,2.75,0.15,2.7540878707840823
-17.096820993382792,3.05,0.35,3.07001628660175
-16.985792303825818,3.1,0.0,3.1
-16.985505614810354,2.85,0.45,2.885307609250702
-16.962781574379196,2.9,0.5,2.9427877939124323
-16.942675355474762,3.1,0.1,3.1016124838541645
-16.92354922170781,2.75,0.25,2.761340254296816
-16.90536245651774,3.0,0.5,3.0413812651491097
-16.865093326400483,2.8,0.4,2.82842712474619
-16.860010057678757,3.05,0.45,3.083018001893599
-16.851247960533673,3.1,0.2,3.106444913401813
-16.815494492335812,2.95,0.55,3.000833217624732
-16.712111680979323,3.1,0.3,3.114482300479488
-16.657785379200984,2.7,0.0,2.7
-16.5980070056994,3.15,0.05,3.1503968004046725
-16.585375598412096,3.05,0.55,3.099193443462347
-16.58080777353366,3.0,0.6,3.059411708155671
-16.574720432528544,2.7,0.1,2.701851217221259
-16.574518819375434,2.85,0.55,2.9025850547399985
-16.572834054229034,2.75,0.35,2.7721832551258223
-16.570174889851618,2.9,0.6,2.961418578992169
-16.524686382959104,3.1,0.4,3.125699921617557
-16.438766085450272,2.95,0.65,3.020761493398643
-16.387557870228505,2.7,0.2,2.7073972741361767
-16.297627527831725,3.1,0.5,3.1400636936215167
-16.284569885978208,3.15,0.15,3.153569406244296
-16.265928744865803,3.05,0.65,3.118493225902535
-16.223083909785824,3.0,0.7,3.0805843601498726
-16.192771141569622,3.2,0.0,3.2
-16.19025017738566,3.15,0.25,3.159905061864992
-16.133866905738984,2.9,0.7,2.9832867780352594
-16.12160742648309,2.75,0.45,2.786574958618554
-16.10933599752808,2.85,0.65,2.923183196448693
-16.052558591589452,3.15,0.35,3.169384798348096
-16.044187422200967,2.7,0.3,2.716615541441225
-16.039765758726716,2.95,0.75,3.0438462510448847
-15.921754418264548,3.05,0.75,3.140859754907882
-15.907257188033592,3.2,0.1,3.2015621187164247
-15.867996695967925,3.15,0.45,3.181980515339464
-15.857239271765389,3.15,0.55,3.1976553910638965
-15.836759744337508,3.2,0.2,3.20624390837628
-15.824882348051233,3.0,0.8,3.104834939252005
-15.811943315510629,3.2,0.4,3.22490309931942
-15.80982379425063,3.1,0.6,3.157530680769389
-15.73697785795112,3.25,0.05,3.2503845926290014
-15.726345462481431,3.1,0.7,3.178049716414141
-15.725326489965616,3.2,0.3,3.21403173599764
-15.723365300640562,2.65,0.05,2.6504716561397146
-15.698512894198087,3.25,0.15,3.253459696999488
-15.678757152550586,2.9,0.8,3.0083217912982647
-15.622424257413098,2.85,0.75,2.947032405658275
-15.621219671961438,3.2,0.5,3.23882694814033
-15.611379772658614,2.75,0.55,2.804460732476032
-15.604380954030846,2.95,0.85,3.07001628660175
-15.598118158202697,2.7,0.4,2.7294688127912363
-15.595870862849148,3.15,0.65,3.2163644072150777
-15.585827374358448,2.65,0.15,2.6542418879973995
-15.548760478567972,3.05,0.85,3.1662280397975127
-15.434491708328569,3.0,0.9,3.132091952673165
-15.399757651884254,3.2,0.6,3.2557641192199416
-15.39903958710941,3.1,0.8,3.2015621187164247
-15.356236426181086,3.25,0.25,3.259601202601325
-15.324428183594556,3.25,0.45,3.281005943304584
-15.314264607385343,3.15,0.75,3.2380549717384355
-15.283036431449538,3.3,0.0,3.3
-15.278363911007023,2.65,0.25,2.661766330841233
-15.261985967016823,3.3,0.1,3.301514803843836
-15.239530028147325,3.25,0.35,3.2687918257362307
-15.218797613748029,2.9,0.9,3.036445290137796
-15.174474287181903,2.95,0.95,3.099193443462347
-15.164974709520084,3.05,0.95,3.194526568992657
-15.141447742470437,3.2,0.7,3.2756678708318403
-15.128841074711824,3.25,0.55,3.296209944769902
-15.120355495913628,2.85,0.85,2.9740544715926105
-15.102566343961012,3.3,0.3,3.313608305156178
-15.0703596334533,2.7,0.5,2.7459060435491964
-15.05339657953276,3.1,0.9,3.228002478313795
-15.039291188813788,2.75,0.65,2.8257742301889586
-15.020716516669898,3.0,1.0,3.1622776601683795
-15.000644370293497,3.15,0.85,3.26266762021509
-14.976491417951031,3.3,0.4,3.324154027718932
-14.943871301693756,3.3,0.2,3.3060550509633075
-14.907901655227992,3.25,0.65,3.31436268383531
-14.829859325301689,2.65,0.35,2.673013280924732
-14.808738833946377,3.35,0.05,3.350373113550191
-14.774781715221955,3.05,1.05,3.2256782232578622
-14.75372475353784,3.35,0.15,3.353356527421443
-14.746887803468566,2.9,1.0,3.0675723300355937
-14.738434742851831,2.95,1.05,3.131293662370235
-14.685814709072266,3.1,1.0,3.2572994949804666
-14.683435570202043,3.35,0.25,3.359315406448165
-14.671865277712469,3.15,0.95,3.29013677527242
-14.66639301960162,3.2,0.8,3.298484500494129
-14.62945271630738,2.85,0.95,3.0041637771599605
-14.627031766456206,2.6,0.0,2.6
-14.612968528684418,3.0,1.1,3.195309061734092
-14.57747014746332,3.3,0.5,3.337663853655727
-14.56029097049171,3.2,0.9,3.3241540277189325
-14.46138468391644,3.25,0.75,3.335416016031584
-14.46059473917365,2.7,0.6,2.7658633371878665
-14.451130758851845,2.75,0.75,2.850438562747845
-14.449859557650504,2.6,0.1,2.6019223662515376
-14.448320418041105,3.35,0.45,3.3800887562311144
-14.406661338689796,3.3,0.6,3.3541019662496843
-14.404816513478693,3.3,0.7,3.3734255586866
-14.338978752633702,3.35,0.35,3.368233958619858
-14.32187352890064,3.1,1.1,3.2893768406797057
-14.321015986347636,3.15,1.05,3.320391543176798
-14.318913973851464,3.4,0.0,3.4
-14.309195229079087,2.95,1.15,3.1662280397975127
-14.296882372557649,2.9,1.1,3.1016124838541645
-14.259275944725472,2.65,0.45,2.6879360111431225
-14.246258820502158,3.2,1.0,3.3526109228480423
-14.230310330847011,3.05,1.15,3.259601202601324
-14.206361344829066,3.0,1.2,3.2310988842807022
-14.184904682190624,2.6,0.2,2.6076809620810595
-14.179145352933904,3.25,0.85,3.359315406448165
-14.16655593041074,3.3,0.8,3.395585369269929
-14.15811472782178,3.4,0.3,3.413209633175202
-14.147558995210211,2.85,1.05,3.0372685096974883
-14.10636714310552,3.25,0.95,3.3860005906674027
-14.0514585093954,3.4,0.4,3.4234485537247377
-14.047643726048898,3.35,0.55,3.394849039353592
-14.03694813598998,3.4,0.1,3.4014702703389896
-13.979550256810462,3.4,0.2,3.40587727318528
-13.972021886011884,3.15,1.15,3.353356527421443
-13.955133230239126,3.1,1.2,3.3241540277189325
-13.918106624933662,3.2,1.1,3.3837848631377265
-13.902698619881836,2.95,1.25,3.203903868720159
-13.879695429993411,3.35,0.65,3.4124771061503107
-13.86209141275183,2.9,1.2,3.138470965295043
-13.8585053817006,2.75,0.85,2.878367592924851
-13.852010178315924,3.05,1.25,3.2962099447699016
-13.818406607874271,2.7,0.7,2.7892651361962706
-13.808598663241645,3.45,0.05,3.450362299817224
-13.802139276245132,3.25,1.05,3.415406271587613
-13.756728451867223,2.6,0.3,2.6172504656604803
-13.683976812675969,3.3,0.9,3.420526275297414
-13.678296984486517,2.85,1.15,3.073271872125862
-13.674444230510831,3.4,0.5,3.4365680554879163
-13.672156415600911,3.35,0.75,3.4329287787543743
-13.659939365376342,3.35,0.85,3.456153931757091
-13.646688714778014,3.0,1.3,3.269556544854363
-13.629509321290806,3.3,1.0,3.4481879299133333
-13.626961970311797,2.65,0.55,2.706473720544872
-13.617726829569223,3.15,1.25,3.3889526405661083
-13.588457747073228,3.1,1.3,3.361547262794322
-13.579774237349534,3.2,1.2,3.417601498127013
-13.578746042945763,3.4,0.7,3.471310991541956
-13.532596964337806,3.4,0.6,3.4525353003264136
-13.525521703719228,3.45,0.15,3.453259329966402
-13.512384509968994,2.95,1.35,3.244225639501667
-13.485231986285983,3.25,1.15,3.44746283518764
-13.473430944742224,3.05,1.35,3.335416016031583
-13.465912670561744,3.45,0.25,3.459046111285596
-13.459763844905568,2.9,1.3,3.1780497164141406
-13.40784797720466,3.35,0.95,3.48209706929603
-13.391539738859294,3.45,0.55,3.4935655139126847
-13.370988316410822,3.45,0.35,3.4677081768799405
-13.370449412514038,3.4,0.8,3.492849839314596
-13.334424041282814,3.3,1.1,3.478505426185217
-13.332381230535768,3.5,0.0,3.5
-13.3099525902167,3.5,0.1,3.50142828000232
-13.288631711215098,3.0,1.4,3.3105890714493698
-13.286487845718964,2.75,0.95,2.909467305195231
-13.265362486151352,3.45,0.45,3.479224051422961
-13.262500200074264,3.15,1.35,3.4270978976387587
-13.260665327803364,2.85,1.25,3.112073263919087
-13.237393073732784,3.2,1.3,3.453983207834109
-13.235791523912734,3.45,0.65,3.510697936308392
-13.21013530099764,3.1,1.4,3.4014702703389896
-13.205499733346985,3.5,0.3,3.51283361405006
-13.188261154447408,2.6,0.4,2.6305892875931813
-13.159805112166817,3.25,1.25,3.48209706929603
-13.156226830233772,2.7,0.8,2.816025568065745
-13.136290087218626,3.35,1.05,3.510697936308392
-13.123435183614587,3.05,1.45,3.377128958153656
-13.11555418010529,3.5,0.4,3.522782990761708
-13.105584305419455,2.9,1.4,3.220248437620924
-13.027669545698204,3.3,1.2,3.5114099732158874
-13.009409691298794,3.5,0.2,3.5057096285916205
-13.001217814552556,3.5,0.5,3.5355339059327378
-12.990475692794943,2.55,0.05,2.55049014897137
-12.988515373170596,2.95,1.45,3.28709598277872
-12.935767675124756,2.65,0.65,2.7285527299284507
-12.930244642715271,3.0,1.5,3.3541019662496847
-12.91400879134818,3.15,1.45,3.46770817687994
-12.909481400061935,3.4,0.9,3.517101079013795
-12.895441670034142,2.85,1.35,3.153569406244296
-12.888243844287782,3.2,1.4,3.492849839314596
-12.86934274235048,3.1,1.5,3.443835071544513
-12.86168196705651,3.5,0.6,3.5510561809129406
-12.851148938976712,3.35,1.15,3.541892149684968
-12.849908645109329,3.45,0.85,3.5531676008879742
-12.838054708912214,3.55,0.05,3.550352095215346
-12.823730510634125,3.25,1.35,3.5192328709535547
-12.819905559757986,3.45,0.75,3.530580688781946
-12.816706617966414,3.55,0.15,3.553167600887974
-12.753714876242594,2.75,1.05,2.943637205907005
-12.753088924229688,2.9,1.5,3.264965543462901
-12.74787680019188,3.05,1.55,3.4212570789112
-12.710662363753633,2.55,0.15,2.55440795488896
-12.709338557787284,3.3,1.3,3.54682957019364
-12.659984311868776,3.4,1.0,3.54400902933387
-12.647725741835712,2.95,1.55,3.3324165405903265
-12.630512253883555,3.4,1.1,3.573513677041128
-12.5992052564969,3.55,0.45,3.5784074670165777
-12.575295199911968,3.0,1.6,3.4
-12.55673824170451,2.85,1.45,3.1976553910638965
-12.551336948060891,3.15,1.55,3.510697936308392
-12.54839208739381,3.2,1.5,3.534119409414459
-12.547048313445956,3.35,1.25,3.575611835756225
-12.52683472955772,2.7,0.9,2.846049894151541
-12.511234725430027,2.6,0.5,2.6476404589747453
-12.504309345468483,3.55,0.25,3.558791929854849
-12.502605177135958,3.1,1.6,3.488552708502482
-12.482218080608831,3.55,0.55,3.592352989337212
-12.47935682364072,3.25,1.45,3.558791929854849
-12.458533513247207,3.5,0.7,3.569313659514949
-12.4262139822047,3.55,0.35,3.5672117963473937
-12.392093186428,3.05,1.65,3.46770817687994
-12.380541756834312,3.45,0.95,3.5784074670165777
-12.374695198116274,3.3,1.4,3.584689665786984
-12.364494165243816,3.6,0.0,3.6
-12.3543904358718,3.6,0.1,3.6013886210738213
-12.352753596149617,3.4,1.2,3.605551275463989
-12.345218483404908,3.55,0.65,3.609016486523717
-12.323438416805276,3.6,0.2,3.605551275463989
-12.323337341367717,3.5,0.9,3.6138621999185294
-12.321706956842254,2.95,1.65,3.3800887562311144
-12.31449011314345,2.55,0.25,2.562225595063792
-12.282855764755505,3.5,0.8,3.5902646142032486
-12.27211080350463,2.75,1.15,2.980771712157776
-12.270462368676665,2.9,1.6,3.312099032335839
-12.25665961511253,3.6,0.3,3.6124783736376886
-12.25097428114903,2.85,1.55,3.244225639501667
-12.236373569589164,3.35,1.35,3.61178626167164
-12.22918116297494,3.0,1.7,3.448187929913334
-12.212394860295786,2.65,0.75,2.7540878707840823
-12.187883687856086,3.2,1.6,3.577708763999664
-12.18680567424786,3.15,1.65,3.555980877338909
-12.181193180340244,3.55,0.75,3.628360511305347
-12.14349815443276,3.25,1.55,3.600694377477766
-12.136608437086934,3.1,1.7,3.5355339059327378
-12.136142825039538,3.45,1.05,3.606244584051393
-12.125365845091205,3.45,1.15,3.636619309193637
-12.06004972410957,3.4,1.3,3.640054944640259
-12.05067851982936,3.3,1.5,3.624913792078372
-12.028573594083976,3.05,1.75,3.5163901945034484
-12.000887480232103,3.55,0.85,3.650342449688796
-11.994747784221818,2.95,1.75,3.430014577228499
-11.973505619412022,2.9,1.7,3.361547262794322
-11.968356558805644,3.6,0.6,3.649657518178932
-11.960124465018485,2.85,1.65,3.2931747600150225
-11.934492126984026,2.7,1.0,2.879236009777594
-11.918858765079465,3.6,0.4,3.622154055254967
-11.912430193816904,3.35,1.45,3.650342449688796
-11.892986953767709,3.65,0.05,3.650342449688796
-11.882324981268708,3.0,1.8,3.4985711369071804
-11.868293076942132,3.5,1.1,3.668787265568828
-11.86521497717802,3.65,0.15,3.653080891521566
-11.864705099961432,2.75,1.25,3.020761493398643
-11.857983479867688,3.5,1.0,3.640054944640259
-11.85349691118831,3.45,1.25,3.669468626381754
-11.833752985549571,3.65,0.25,3.6585516259853432
-11.82735176680583,3.6,0.7,3.66742416417845
-11.821582473943634,3.2,1.7,3.623534186398688
-11.82025945174948,3.6,0.5,3.6345563690772495
-11.81706187732346,3.15,1.75,3.60347054934545
-11.803724762773085,3.55,0.95,3.674914965002592
-11.77441445167672,3.65,0.35,3.6667424234598207
-11.7706788832188,3.1,1.8,3.584689665786984
-11.756355396552928,2.55,0.35,2.5739075352467498
-11.755618403606489,3.4,1.4,3.676955262170047
-11.754296026464733,2.6,0.6,2.668332812825267
-11.70315853786407,3.3,1.6,3.6674241641784495
-11.691855046701136,2.9,1.8,3.4132096331752027
-11.675031114788316,3.05,1.85,3.5672117963473933
-11.66997319055484,2.95,1.85,3.48209706929603
-11.667479686148742,3.6,0.8,3.687817782917155
-11.616955592476764,3.5,1.2,3.7
-11.593548930267612,3.55,1.05,3.7020264720825535
-11.540483519767198,2.85,1.75,3.3443983016381287
-11.528430407020013,3.0,1.9,3.5510561809129406
-11.527397423448184,2.75,1.35,3.063494736408078
-11.516201708327658,3.25,1.65,3.6448593937215192
-11.502143584140628,2.65,0.85,2.782984010015149
-11.489524797287084,3.6,0.9,3.710795063055895
-11.454537201292633,3.65,0.65,3.707424982383325
-11.441725230020587,3.2,1.8,3.671511950137164
-11.43793315873218,3.4,1.5,3.716180835212409
-11.437514731639924,3.7,0.0,3.7
-11.436694321939855,3.15,1.85,3.653080891521566
-11.4289436007164,3.7,0.1,3.7013511046643495
-11.419881552172964,3.65,0.45,3.6776351096866575
-11.415752551582816,2.7,1.1,2.9154759474226504
-11.41187268667977,2.9,2.0,3.522782990761708
-11.403014010202227,2.9,1.9,3.4669871646719432
-11.40177982892328,3.7,0.2,3.705401462729781
-11.391077926739143,2.8,1.7,3.27566787083184
-11.363409059977556,3.55,1.15,3.731621631409058
-11.35562895559007,3.7,0.3,3.712142238654117
-11.354932907633534,3.5,1.3,3.7336309405188937
-11.345688856863944,2.95,1.95,3.536240942017385
-11.344606119969749,3.3,1.7,3.712142238654117
-11.330421331732891,3.65,0.55,3.69120576505835
-11.327873065859556,3.35,1.55,3.69120576505835
-11.316882900231304,3.45,1.35,3.704726710568541
-11.316331828300644,3.65,0.75,3.7262581767773417
-11.31466654106857,2.95,2.05,3.592352989337212
-11.314117846778794,3.05,1.95,3.6200828719795903
-11.313330041224372,2.85,1.85,3.397793401606401
-11.294843592516036,3.6,1.0,3.736308338453881
-11.286518906529354,3.7,0.4,3.721558813185679
-11.24902838784301,3.35,1.65,3.734300469967568
-11.246132024244124,2.75,1.45,3.1088583113419626
-11.198919791418458,3.7,0.5,3.733630940518894
-11.158163055050144,3.65,0.85,3.747665940288702
-11.147453581347683,3.1,1.9,3.635931792539568
-11.142485225942728,3.25,1.75,3.69120576505835
-11.12734587212395,3.0,2.1,3.661966684720111
-11.122590280068652,2.85,2.05,3.510697936308392
-11.115309993911278,3.55,1.25,3.763641853311763
-11.103692599291804,2.9,2.1,3.5805027579936315
-11.083989542737664,3.6,1.1,3.7643060449437424
-11.073383157532772,3.5,1.4,3.7696153649941526
-11.070269216946691,2.85,1.95,3.4532593299664014
-11.06347486534022,3.2,1.9,3.721558813185679
-11.0526155354502,3.15,1.95,3.704726710568541
-11.049782040811072,2.55,0.45,2.5894014752448102
-11.022948077952808,2.8,1.8,3.328663395418648
-11.020194266938914,2.75,1.55,3.1567388235329195
-11.011933961561825,3.1,2.0,3.689173349139344
-11.011709347675048,3.45,1.45,3.742325480232846
-11.00857434283228,2.5,0.0,2.5
-10.987903268764091,3.75,0.05,3.7503333185198353
-10.98730249619534,2.6,0.7,2.6925824035672523
-10.983860870132396,3.65,0.95,3.771604433129222
-10.979976780214612,3.3,1.8,3.758989225842501
-10.971483848268516,3.75,0.15,3.752998800959041
-10.970281295352564,3.2,2.0,3.773592452822642
-10.969248124157668,3.45,1.55,3.7821951298154888
-10.969246739884635,2.7,1.2,2.9546573405388314
-10.966312946588864,2.8,2.0,3.4409301068170506
-10.965708776080689,3.7,0.7,3.7656340767525465
-10.964309747388134,3.15,2.05,3.758324094593227
-10.946817091145068,3.0,2.0,3.605551275463989
-10.935350649594724,3.75,0.25,3.758324094593227
-10.92882865470561,3.1,2.1,3.744329045369811
-10.883062439700518,3.75,0.35,3.7662979170532966
-10.85624323903261,3.05,2.15,3.7316216314090576
-10.85623116448924,3.6,1.2,3.794733192202055
-10.855662136995024,2.5,0.1,2.5019992006393608
-10.854478389867635,2.8,1.9,3.383784863137726
-10.854230469022085,3.55,1.35,3.798025802966588
-10.851171778793322,3.4,1.6,3.757658845611187
-10.84949795806448,2.85,2.15,3.570014005574768
-10.847691435389908,2.75,1.65,3.207023542164915
-10.840059472186706,2.65,0.95,2.8151376520518494
-10.828452216882065,3.7,0.6,3.7483329627982624
-10.824186448097665,3.7,0.8,3.78549864614954
-10.802127764769011,3.75,0.45,3.776903493604252
-10.79261494851605,3.65,1.05,3.7980258029665888
-10.781818599909942,3.4,1.7,3.8013155617496426
-10.780006602850731,2.8,2.1,3.5
-10.775958519596683,3.5,1.5,3.8078865529319534
-10.76609852308072,3.25,1.85,3.739652390263031
-10.762870474886984,3.0,2.2,3.720215047547655
-10.734140317011915,3.75,0.55,3.790118731649445
-10.710246346608429,2.75,1.75,3.259601202601325
-10.697211348434026,3.05,2.05,3.674914965002592
-10.667266826628014,3.7,0.9,3.8078865529319534
-10.63085159127752,2.95,2.25,3.7101212918178295
-10.62692362905756,3.75,0.65,3.805916446797013
-10.620368103821155,3.35,1.75,3.779550237792852
-10.618775148386195,2.7,1.3,2.9966648127543394
-10.607837374146296,3.6,1.3,3.827531841800928
-10.606514284821603,3.3,1.9,3.807886552931954
-10.582924683519389,3.65,1.15,3.8268786236304906
-10.579153763664625,3.55,1.45,3.834709897762802
-10.577516122014329,3.2,2.1,3.827531841800928
-10.560823736167842,2.8,2.2,3.560898762952971
-10.556063818080975,3.8,0.0,3.8
-10.54968671200512,2.9,2.2,3.640054944640259
-10.548265980281355,3.8,0.1,3.8013155617496426
-10.536470969107176,3.1,2.2,3.801315561749643
-10.52339945802071,3.8,0.2,3.805259518088089
-10.507048268509706,2.75,2.05,3.430014577228499
-10.494569979804195,3.7,1.0,3.83275357934736
-10.485357171486196,3.75,0.75,3.824264635194589
-10.47432378299555,3.05,2.25,3.790118731649445
-10.474004879562514,3.8,0.3,3.811823710509184
-10.443114926849912,2.95,2.15,3.650342449688796
-10.432636843508709,2.5,0.2,2.5079872407968904
-10.417074750976704,3.8,0.4,3.82099463490856
-10.4128516484277,2.75,1.85,3.31436268383531
-10.38622765840045,2.75,2.15,3.490701935141412
-10.385007473731251,3.0,2.3,3.78021163428716
-10.379336722467748,3.25,1.95,3.790118731649445
-10.365144213327504,3.45,1.65,3.824264635194589
-10.363986454527994,3.8,0.5,3.83275357934736
-10.355585824857403,3.65,1.25,3.858108344772085
-10.351133435358715,2.7,1.4,3.0413812651491097
-10.34949569518847,3.6,1.4,3.862641583165593
-10.345666474710368,3.75,0.85,3.845126785946076
-10.32995521563043,2.85,2.25,3.631115531073061
-10.319294196335104,2.75,1.95,3.3712015662075148
-10.31526886469694,2.8,2.3,3.623534186398688
-10.307567193387683,3.45,1.75,3.86846222677694
-10.300909234122935,3.7,1.1,3.8600518131237567
-10.288034095870072,3.55,1.55,3.8736287896493127
-10.2601073496869,2.65,1.05,2.850438562747845
-10.252544454602464,3.35,1.85,3.8268786236304906
-10.24989088635066,3.8,0.6,3.8470768123342687
-10.24936669188862,2.55,0.55,2.6086394921491163
-10.224070278552064,2.75,2.25,3.553167600887974
-10.215333419848962,2.9,2.3,3.7013511046643495
-10.205828386636153,3.5,1.6,3.8483762809787714
-10.18828475402512,2.6,0.8,2.7202941017470885
-10.185740228093106,3.75,0.95,3.86846222677694
-10.176265320938946,3.2,2.2,3.88329756778952
-10.1646813305384,3.5,1.7,3.891015291668744
-10.1588996550529,3.25,2.15,3.896793553679743
-10.157521622844444,2.7,1.5,3.0886890422961004
-10.14841018680796,3.4,1.8,3.8470768123342687
-10.142780105056604,3.8,0.7,3.8639358172723313
-10.133082139610677,3.85,0.05,3.850324661635691
-10.127362256891844,3.3,2.1,3.911521443121589
-10.117221709631098,3.65,1.35,3.8916577444580094
-10.114566330388625,3.85,0.15,3.852920969861697
-10.094249110792644,3.7,1.2,3.889730067755345
-10.085035651750747,3.85,0.25,3.8581083447720856
-10.07412032728901,3.6,1.5,3.9
-10.070880082240212,3.4,1.9,3.894868418830089
-10.037497107698035,2.7,2.0,3.3600595232822887
-10.031363368006858,3.85,0.35,3.8658763560155416
-10.03058013135957,2.7,1.6,3.138470965295044
-10.017731748192292,3.8,0.8,3.88329756778952
-10.013491257371998,3.75,1.05,3.894226495724151
-10.002045612126912,2.7,2.1,3.420526275297414
-9.997225823339768,3.15,2.15,3.813790765104976
-9.98756367991783,3.25,2.05,3.8425252113681694
-9.986476293181758,3.55,1.65,3.9147158262126767
-9.968236943915151,3.85,0.45,3.8762094886628615
-9.967897211539002,2.7,1.7,3.1906112267087634
-9.962209435943029,3.45,1.85,3.914715826212677
-9.959665647983202,2.7,2.2,3.4828149534536
-9.94491432157511,3.3,2.0,3.858756276314947
-9.933206791476907,2.7,1.8,3.2449961479175906
-9.903717734270746,2.5,0.3,2.5179356624028344
-9.88732287577534,3.85,0.55,3.889087296526012
-9.877327743207491,3.7,1.3,3.921734310225516
-9.87721091659911,3.8,0.9,3.905124837953327
-9.875903847573772,3.35,1.95,3.876209488662861
-9.864968685039884,3.65,1.45,3.927467377331096
-9.850056979144156,2.7,2.3,3.54682957019364
-9.826148741682609,3.75,1.15,3.9223717314910376
-9.815356404714578,3.85,0.65,3.904484601070928
-9.805155713201966,3.6,1.6,3.939543120718442
-9.779897750502894,2.65,1.15,2.8887713651308577
-9.76357817558635,3.2,2.3,3.9408120990476063
-9.736255424879715,2.7,1.9,3.301514803843836
-9.732525958309298,3.3,2.2,3.966106403010388
-9.725151004220583,3.9,0.0,3.9
-9.721778502099616,3.8,1.0,3.9293765408777
-9.717954552688374,3.9,0.1,3.901281840626232
-9.696814065101089,3.9,0.2,3.905124837953327
-9.687632206813776,3.85,0.75,3.9223717314910376
-9.679766794389304,3.35,2.15,3.980577847499029
-9.660478566773492,3.9,0.3,3.911521443121589
-9.641531709954084,3.7,1.4,3.956008088970497
-9.624350284002508,3.75,1.25,3.952847075210474
-9.61363294946409,3.4,2.1,3.996248240537617
-9.599207845786308,3.9,0.4,3.920459156782532
-9.597260621075206,3.65,1.55,3.9654760117796704
-9.588564630814648,3.15,2.25,3.871046370169182
-9.562338380188883,3.85,0.85,3.9427148007432646
-9.557639966157442,3.1,2.3,3.8600518131237567
-9.549449197600095,3.5,1.8,3.9357337308308855
-9.548893551126476,3.8,1.1,3.956008088970497
-9.533297195946489,3.9,0.5,3.9319206502675
-9.50976989506332,3.6,1.7,3.981205847478877
-9.494521274276448,3.35,2.05,3.927467377331096
-9.47954750891107,3.9,0.6,3.9458839313897713
-9.46774175100128,2.65,2.25,3.47634865915374
-9.445734977768565,2.65,1.95,3.29013677527242
-9.440507807965613,2.65,2.15,3.4124771061503107
-9.430664593548606,2.6,0.9,2.751363298439521
-9.425777652466866,3.5,2.0,4.031128874149275
-9.421588096601916,3.85,0.95,3.9654760117796704
-9.418388066097156,3.4,2.0,3.944616584663204
-9.40691992773512,3.75,1.35,3.985599076675927
-9.391981349970932,3.55,1.75,3.95790348543266
-9.39179202095685,3.7,1.5,3.992492955535426
-9.387220552766538,2.65,1.25,2.9300170647967225
-9.380040711404922,2.55,0.65,2.6315394733881536
-9.365129279096449,2.65,2.05,3.350373113550191
-9.361540453745572,3.8,1.2,3.984971769034255
-9.35843442732178,3.9,0.7,3.96232255123179
-9.332009350886942,3.65,1.65,4.005621050473946
-9.327069384029718,3.95,0.05,3.950316443020736
-9.325543788558845,3.3,2.3,4.022437072223753
-9.319150571796396,3.45,1.95,3.962953444086872
-9.310237922617578,3.55,1.95,4.050308630215727
-9.309889775311026,3.95,0.15,3.9528470752104745
-9.289217901811613,3.35,2.25,4.035467754796215
-9.281636690328064,3.95,0.25,3.95790348543266
-9.266764334911496,3.85,1.05,3.990613987846983
-9.247334411249248,3.9,0.8,3.981205847478877
-9.2403388292978,3.95,0.35,3.9654760117796704
-9.200762400633495,3.6,1.8,4.024922359499622
-9.196689169931089,3.5,1.9,3.982461550347976
-9.194506929738443,3.95,0.45,3.975550276376844
-9.194240539399068,2.5,0.4,2.5317977802344327
-9.179966449036682,3.6,1.9,4.070626487409524
-9.174771563956446,3.75,1.45,4.020572098594925
-9.173614539954514,3.25,2.25,3.952847075210474
-9.162368685564546,3.8,1.3,4.016217125604641
-9.131863295763385,2.65,1.35,2.9740544715926105
-9.12898427716834,3.7,1.6,4.031128874149275
-9.121253044488808,3.9,0.9,4.0024992192379
-9.10622452892784,3.95,0.55,3.988107320521854
-9.097163736674243,3.85,1.15,4.0180841205728886
-9.06487397028412,3.55,1.85,4.003123780249619
-9.051536519403337,3.95,0.65,4.003123780249619
-9.041795692572618,2.65,1.85,3.2318725222384623
-9.039854287386998,3.65,1.75,4.047838929601819
-9.030283764127262,3.65,1.85,4.092065493122025
-8.981614146126814,3.9,1.0,4.026164427839479
-8.954981684739563,2.65,1.75,3.175688901640084
-8.952464455467485,3.45,2.05,4.013103537164223
-8.947486998667108,3.8,1.4,4.049691346263317
-8.9467013492442,4.0,0.0,4.0
-8.942804059044624,2.65,1.45,3.020761493398643
-8.941688241099754,4.0,0.1,4.001249804748512
-8.936599226903022,2.6,2.3,3.4713109915419564
-8.928775509390022,3.95,0.75,4.020572098594925
-8.928269067173762,3.75,1.55,4.057708713054696
-8.919496596042325,4.0,0.2,4.004996878900157
-8.912960474063388,3.85,1.25,4.047838929601819
-8.892373730965426,4.0,0.3,4.011234224026316
-8.889104134784066,2.65,1.65,3.121698255757593
-8.87606363518733,3.7,1.8,4.114608122288197
-8.873997674392896,2.65,1.55,3.07001628660175
-8.868035380954273,3.7,1.7,4.071854614300467
-8.837533776288053,4.0,0.4,4.019950248448356
-8.827509325831883,3.9,1.1,4.052159917870962
-8.815270320925771,3.95,0.85,4.040420770167384
-8.806717584839213,2.6,2.2,3.4058772731852804
-8.775380483901541,2.6,1.0,2.785677655436824
-8.772957737505958,4.0,0.5,4.031128874149275
-8.719795836098486,3.8,1.5,4.085339643163099
-8.719195635815769,3.65,1.95,4.138236339311712
-8.714776255849838,3.85,1.35,4.07982842776507
-8.71029402764829,3.75,1.75,4.138236339311712
-8.70068840902943,4.0,0.6,4.044749683231337
-8.689712592678097,3.95,0.95,4.062634613154375
-8.670273502986777,3.75,1.65,4.096950085124299
-8.656594594703355,3.9,1.2,4.080441152620633
-8.640436944846245,3.4,2.2,4.049691346263317
-8.623431068420983,2.6,2.1,3.342154993413681
-8.617059709674958,4.0,0.7,4.060788100849391
-8.580361252305128,4.05,0.05,4.050308630215727
-8.576856394021329,3.7,1.9,4.159326868617084
-8.575447123142279,2.6,2.0,3.2802438933713454
-8.570700726614966,3.45,2.15,4.0650953248355695
-8.566245881679592,4.05,0.15,4.052776825831889
-8.550141762753466,3.95,1.05,4.0871750635371615
-8.538941537081575,4.05,0.25,4.057708713054696
-8.533586719277766,3.8,1.7,4.162931659299729
-8.51759133519788,4.0,0.8,4.079215610874228
-8.508467173252075,3.6,2.1,4.167733196834941
-8.507771245146017,4.05,0.35,4.065095324835569
-8.505178960117998,2.55,0.75,2.6580067720004026
-8.498999780544585,3.85,1.45,4.1140004861448425
-8.482729026506549,3.5,2.1,4.08166632639171
-8.474964918591,3.8,1.6,4.123105625617661
-8.472112700275158,3.9,1.3,4.110960958218893
-8.445541108591867,4.05,0.45,4.074923312161838
-8.438502853485087,2.45,0.05,2.4505101509685696
-8.42770527680394,3.75,1.85,4.181506905411014
-8.406619049345059,4.05,0.55,4.0871750635371615
-8.405080611288996,4.0,0.9,4.1
-8.396901967462409,3.95,1.15,4.1140004861448425
-8.395394129908809,3.65,2.05,4.186287137786896
-8.380652588257883,3.55,2.05,4.099390198553927
-8.34881217138229,2.5,0.5,2.549509756796392
-8.335543575243616,3.85,1.65,4.18867520822515
-8.323168070736735,3.5,2.3,4.188078318274385
-8.310421185372947,4.05,0.65,4.1018288603987365
-8.279257711288823,4.0,1.0,4.123105625617661
-8.277046225367833,3.9,1.4,4.1436698710201325
-8.272832639018183,3.85,1.55,4.150301193889427
-8.272130100088127,3.7,2.0,4.205948168962618
-8.26979184407104,3.8,1.8,4.204759208325728
-8.26678540026862,3.6,2.0,4.1182520563948
-8.24728619075924,3.4,2.3,4.104875150354758
-8.231625771253645,3.95,1.25,4.14306649717332
-8.227850051601227,4.1,0.0,4.1
-8.223138455515251,4.05,0.75,4.118859065323794
-8.222038126389933,4.1,0.1,4.101219330881976
-8.219250195799562,2.6,1.1,2.823118842698621
-8.20253847325543,4.1,0.2,4.104875150354758
-8.188457766241937,3.45,2.25,4.118859065323795
-8.175742453382265,4.1,0.3,4.110960958218893
-8.147809668090416,3.9,1.6,4.215447781671599
-8.141922183180451,4.05,0.85,4.138236339311712
-8.140083146105413,4.0,1.1,4.148493702538308
-8.139895728492448,2.45,0.15,2.454587541726716
-8.139552106147857,3.75,1.95,4.226700841081611
-8.131435081911127,4.1,0.4,4.119465984809196
-8.116120032961973,3.5,2.2,4.1340053217188775
-8.113953678129885,2.55,2.25,3.40073521462639
-8.103202354566408,3.85,1.75,4.2290660907581
-8.072572825850864,4.1,0.5,4.1303752856126765
-8.068705090101627,3.9,1.5,4.178516483155236
-8.0518194419695,3.95,1.35,4.17432629294836
-8.037391704648781,2.6,1.9,3.220248437620924
-8.02846520064761,3.55,2.15,4.150301193889426
-8.00937804275573,4.05,0.95,4.159927883990298
-8.009243250596247,4.1,0.6,4.1436698710201325
-7.996000015888972,3.8,1.9,4.2485291572496005
-7.989225609685033,4.0,1.2,4.17612260356422
-7.958728135294598,3.7,2.1,4.254409477236529
-7.953820786993614,3.95,1.55,4.243229901855425
-7.952741444935571,3.55,2.25,4.202975136733502
-7.9322972180394204,4.1,0.7,4.159326868617084
-7.916180211334489,3.9,1.7,4.254409477236529
-7.887551039187472,4.15,0.05,4.150301193889427
-7.883371194671271,4.05,1.05,4.183897704294406
-7.876362776983238,4.15,0.15,4.152709958569224
-7.866505112914537,3.6,2.2,4.219004621945797
-7.864410115345359,4.1,0.8,4.177319714841085
-7.859170077167964,3.95,1.45,4.207730979993849
-7.854324047831887,4.15,0.25,4.1575233011974815
-7.846426282305719,3.85,1.85,4.271416626834709
-7.841579990654041,3.75,2.05,4.27375712927162
-7.824081499190789,4.0,1.3,4.205948168962618
-7.8227285278601215,4.15,0.35,4.16473288459176
-7.796680543870902,2.6,1.8,3.1622776601683795
-7.795705185764717,2.55,2.15,3.335416016031584
-7.788479644167104,2.6,1.2,2.863564212655271
-7.773231181540059,4.15,0.45,4.17432629294836
-7.766338695006119,3.65,2.15,4.236153915995026
-7.764136458545829,4.1,0.9,4.197618372363071
-7.755931592397571,4.0,1.5,4.272001872658765
-7.746174725149739,4.05,1.15,4.210106887004177
-7.737889328789563,3.95,1.65,4.280770958600798
-7.734425802655516,4.15,0.55,4.186287137786896
-7.715175012869303,3.8,2.0,4.294182110716777
-7.6894280583976995,3.9,1.8,4.295346318982906
-7.655749284669874,2.55,0.85,2.6879360111431225
-7.648250239927998,4.1,1.0,4.220189569201838
-7.646849395857388,4.15,0.65,4.200595195921645
-7.646184872714461,4.0,1.4,4.237924020083418
-7.638189592843752,3.7,2.2,4.304648650006177
-7.621237060368458,2.55,2.05,3.271849629796577
-7.59419246518052,4.05,1.25,4.238513890504548
-7.588741372343192,4.15,0.75,4.2172265767919095
-7.58203238777153,2.6,1.7,3.106444913401813
-7.579598562697316,3.85,1.95,4.315669125408017
-7.578762613990309,2.45,0.25,2.4627220712049507
-7.5616435561947055,4.2,0.0,4.2
-7.555270291077003,4.2,0.1,4.201190307520001
-7.553565360338484,4.05,1.45,4.301743832447488
-7.553557704068748,4.0,1.6,4.308131845707604
-7.540518732494276,4.2,0.2,4.204759208325728
-7.53531113031516,3.75,2.15,4.322614949310197
-7.51543142039753,2.6,1.3,2.906888370749727
-7.514595723947244,3.6,2.3,4.272001872658765
-7.513460510948959,4.2,0.3,4.21070065428546
-7.509582187836713,3.95,1.75,4.320300915445589
-7.502028992793702,4.1,1.1,4.244997055358225
-7.476576951434609,4.15,0.85,4.236153915995027
-7.474232283523919,4.2,0.4,4.219004621945797
-7.444334113997578,4.2,0.5,4.2296571965113205
-7.436146334282887,3.9,1.9,4.338202392696772
-7.430781252284326,4.05,1.35,4.2690748412273125
-7.429204522356996,3.65,2.25,4.287773314903669
-7.42383625889894,3.8,2.1,4.341658669218482
-7.412010905756899,2.6,1.6,3.052867504494749
-7.395793670094083,2.5,0.6,2.570992026436488
-7.3741561121699375,4.15,0.95,4.257346591481601
-7.37205795382974,2.5,2.3,3.397057550292605
-7.367485534326254,4.05,1.55,4.336473221409306
-7.36504488943877,4.2,0.6,4.242640687119285
-7.364308862216098,4.1,1.2,4.272001872658765
-7.357115585294784,2.6,1.4,2.95296461204668
-7.351314973433639,4.1,1.4,4.332435804486894
-7.342122807648457,2.6,1.5,3.001666203960727
-7.341923486172047,4.0,1.7,4.346262762420146
-7.311541633535987,3.7,2.3,4.356604182158393
-7.304415994589063,3.85,2.05,4.361765697512878
-7.295532209578899,4.2,0.7,4.257933771208753
-7.288528381522146,3.95,1.85,4.361765697512878
-7.277782264391877,4.15,1.05,4.280770958600799
-7.248893213567477,4.25,0.05,4.250294107470682
-7.241699224427559,4.25,0.15,4.252646234992984
-7.223217259910617,3.75,2.25,4.373213921133975
-7.22035542751753,2.55,1.95,3.2101401838549046
-7.216444596924757,4.25,0.25,4.257346591481601
-7.2134643585365295,4.2,0.8,4.27551166528639
-7.213187948768469,4.1,1.3,4.301162633521313
-7.185326788013229,4.25,0.35,4.264387412044079
-7.178543445457967,4.1,1.5,4.365775990588615
-7.177819438774608,3.9,2.0,4.382921400162226
-7.170022126854634,4.05,1.65,4.373213921133975
-7.1671844975166685,2.5,2.2,3.3301651610693423
-7.147433488536287,4.15,1.35,4.36405774480586
-7.143258366628327,4.2,0.9,4.295346318982906
-7.142911904826143,4.25,0.45,4.27375712927162
-7.133476997055874,4.15,1.15,4.306390600026895
-7.126423350365378,3.8,2.2,4.39089968002003
-7.120205900286898,4.0,1.8,4.386342439892262
-7.089551500849191,4.25,0.55,4.285440467443224
-7.045487997743621,3.95,1.95,4.405110668303352
-7.040724671622785,4.2,1.0,4.317406628984581
-7.031918233438875,4.25,0.65,4.299418565341132
-7.021896930555904,3.85,2.15,4.409648512069868
-6.996817865812907,4.15,1.25,4.334166586553867
-6.994720516320762,4.1,1.6,4.401136216933077
-6.987791153577994,4.15,1.45,4.396020928066654
-6.978099916951713,4.25,0.75,4.315669125408017
-6.96269480782275,4.05,1.75,4.411915683691156
-6.954511543653196,2.45,0.35,2.4748737341529163
-6.94981605825381,4.3,0.0,4.3
-6.944324034872843,4.3,0.1,4.301162633521313
-6.940514911643549,4.2,1.3,4.396589587396122
-6.933515400843596,4.3,0.2,4.304648650006176
-6.926953239707336,4.2,1.1,4.341658669218482
-6.910112810554461,3.9,2.1,4.42944691807002
-6.9097134785683965,4.3,0.3,4.310452412450461
-6.905263982531355,4.0,1.9,4.428317965096905
-6.896344287000461,4.25,0.85,4.334166586553867
-6.885375736584403,2.55,0.95,2.721212964837556
-6.870146336425695,4.3,0.4,4.318564576337836
-6.823245752405109,4.3,0.5,4.328972164382672
-6.82159632235446,3.8,2.3,4.441846462902562
-6.81694214213847,4.15,1.55,4.430011286667338
-6.801295251112363,4.1,1.7,4.43846820423443
-6.793430992676788,4.2,1.4,4.427188724235731
-6.791728327254997,4.3,0.6,4.341658669218481
-6.791645732547243,3.95,2.05,4.450280890011326
-6.78084421011011,4.2,1.2,4.368065933568311
-6.779820948552297,4.25,0.95,4.354882317583335
-6.76147082944253,4.05,1.85,4.452527372178637
-6.738086807131497,4.25,1.25,4.430011286667337
-6.727410395039679,4.3,0.7,4.356604182158392
-6.697785400459906,2.5,2.1,3.264965543462901
-6.676469287405332,4.25,1.05,4.377784827969506
-6.6643925984995,4.0,2.0,4.47213595499958
-6.661471904468689,4.35,0.05,4.350287346831241
-6.655483754502044,4.3,1.1,4.43846820423443
-6.654603088868013,4.3,0.8,4.373785545725808
-6.652945076345982,4.35,0.15,4.3525854385640725
-6.63584375574351,4.2,1.5,4.459820624195552
-6.634679167107519,4.35,0.25,4.357177985806868
-6.63448794488391,4.15,1.65,4.465982534672522
-6.633514308700943,3.9,2.2,4.477722635447623
-6.606260064456634,4.35,0.35,4.364057744805859
-6.602647853067071,4.25,1.35,4.45926002830066
-6.59546061593216,4.1,1.8,4.477722635447622
-6.584214897693762,4.35,0.45,4.373213921133975
-6.563798359040452,4.25,1.15,4.402839992550263
-6.55194226860232,4.3,0.9,4.393176527297759
-6.532437161771657,4.05,1.95,4.494997219131509
-6.5285762357411405,3.95,2.15,4.497221364353772
-6.5178650865575225,4.35,0.55,4.38463225367875
-6.505041632503848,2.55,1.85,3.150396800404673
-6.4684676698901775,4.2,1.6,4.494441010848846
-6.465794700913465,4.35,0.65,4.398295124249849
-6.458517984053162,4.3,1.0,4.414748010928823
-6.457035999888644,4.25,1.45,4.490545623863541
-6.446733857014602,4.35,1.05,4.4749301670528885
-6.445726513490868,4.15,1.75,4.503887209955418
-6.425450909726445,3.85,2.25,4.45926002830066
-6.419092060409811,2.5,0.7,2.596150997149434
-6.417934325473388,4.0,2.1,4.517742799230607
-6.417748964187878,4.35,0.75,4.414181690868648
-6.399460575672341,4.1,1.9,4.518849411078001
-6.3878412226033,4.4,0.0,4.4
-6.383593069235387,4.4,0.1,4.401136216933078
-6.368165896917394,4.4,0.2,4.404543109109048
-6.3474324916828015,3.9,2.3,4.527692569068709
-6.345471986361551,4.4,0.3,4.41021541423999
-6.342381369641724,4.35,0.85,4.432268042436061
-6.3145658445245,4.4,0.4,4.418144406874904
-6.306382481834999,4.05,2.05,4.539273069556402
-6.3060480550540605,4.25,1.55,4.523825814507009
-6.296849171792223,4.2,1.7,4.531004303683677
-6.292180921522393,4.4,0.5,4.428317965096906
-6.261956133295457,4.3,1.2,4.464302857109943
-6.256828891219052,4.35,0.95,4.452527372178636
-6.253773572569739,2.55,1.05,2.7577164466275352
-6.251588457713426,4.15,1.85,4.543676925134533
-6.24510998627599,2.45,2.25,3.3264094756959794
-6.226820781386076,4.4,0.6,4.440720662234904
-6.187339571002227,4.4,0.7,4.455333881989093
-6.185685927244166,4.1,2.0,4.561797891182818
-6.159721881429497,4.0,2.2,4.565084884205331
-6.142003798028548,4.25,1.65,4.559056920021947
-6.139066858443688,4.3,1.3,4.49221548904324
-6.120707139025214,4.45,0.05,4.450280890011326
-6.118729737390351,4.4,0.8,4.47213595499958
-6.115497708912277,4.45,0.15,4.452527372178637
-6.111467277529233,4.2,1.8,4.5694638635183455
-6.103527359662268,4.35,1.35,4.554667935206693
-6.100224342925214,2.55,1.75,3.092733418838423
-6.098229676579197,2.5,2.0,3.2015621187164243
-6.095613884413567,4.45,0.25,4.457016939613311
-6.07093578255056,4.45,0.35,4.463742824133129
-6.065644901659884,2.45,0.45,2.49098374141623
-6.060666536849451,4.35,1.15,4.499444410146657
-6.059606442385929,4.15,1.95,4.585302607244151
-6.056641930021327,4.05,2.15,4.58530260724415
-6.041976274340597,4.4,0.9,4.491102314577124
-6.033984760771182,4.45,0.45,4.472694937059759
-6.011375192492888,4.45,0.55,4.483859944289072
-6.0077595800249615,4.3,1.4,4.522167621838006
-5.98642132716266,4.3,1.6,4.588027898781784
-5.968968946994012,4.25,1.75,4.596194077712559
-5.961482362706912,4.45,0.65,4.497221364353772
-5.95739378814696,3.95,2.25,4.545877253072282
-5.956001542242437,4.4,1.0,4.512205669071391
-5.9495413664442935,4.1,2.1,4.606517122512408
-5.949332661174773,4.35,1.25,4.526035793053342
-5.91740728579042,4.2,1.9,4.609772228646444
-5.909968234738246,4.5,0.8,4.570557952810575
-5.90053555836274,4.45,0.75,4.512759687818531
-5.868773138395239,4.5,0.0,4.5
-5.867744102541235,4.5,0.1,4.50111097397076
-5.861426469911259,4.3,1.5,4.55411901469428
-5.8611685729044725,4.4,1.1,4.535416188179427
-5.85291929726707,4.5,0.2,4.504442251822083
-5.837169237415039,4.15,2.05,4.628714724413247
-5.833327876511474,4.5,0.3,4.509988913511872
-5.831867622986575,4.45,0.85,4.530452516029718
-5.829600001954915,4.35,1.55,4.617899955607527
-5.824039518518013,4.3,1.7,4.623851208678757
-5.806622468380008,4.05,2.25,4.63303356344415
-5.802070528897797,4.5,0.4,4.517742799230607
-5.786150465422008,4.25,1.85,4.635191473930716
-5.772779538804374,2.55,1.15,2.7973201461398727
-5.764809437129378,4.5,0.5,4.527692569068709
-5.7592077714985015,4.4,1.2,4.560701700396552
-5.754575464993641,4.45,0.95,4.550274716981383
-5.74266923467968,2.55,1.65,3.037268509697488
-5.720888811025497,4.5,0.6,4.539823785126467
-5.720241988656852,4.2,2.0,4.651881339845203
-5.712101258958505,4.1,2.2,4.652956049652737
-5.711033676443956,4.55,0.75,4.611398920067532
-5.696402484838489,4.35,1.45,4.58530260724415
-5.688949162947254,4.5,0.7,4.55411901469428
-5.673462368404705,4.4,1.5,4.648655719667784
-5.654419107926529,4.3,1.8,4.661544808322666
-5.647419103314068,4.4,1.3,4.588027898781785
-5.646761736279148,4.55,0.85,4.628714724413246
-5.640385358722985,4.45,1.35,4.650268809434569
-5.629170574820573,4.55,0.05,4.550274716981383
-5.618345300515433,4.55,0.15,4.552471856036015
-5.617916052030709,4.15,2.15,4.673863498220717
-5.607035513564045,4.65,1.25,4.8150804770013975
-5.603624713293928,4.55,0.25,4.556862956025778
-5.601842222352499,2.45,2.15,3.259601202601325
-5.596734563594636,4.0,2.3,4.6141087980237305
-5.587526497360578,4.25,1.95,4.676002566295275
-5.580394256364424,4.5,1.2,4.657252408878008
-5.578640071145488,4.55,0.35,4.563441683641853
-5.575639321346573,4.45,1.15,4.596194077712559
-5.557333833199648,4.5,0.9,4.589117562233506
-5.546145793146836,4.55,0.45,4.572198595861733
-5.526144564759936,4.4,1.4,4.617358552246079
-5.523880854955909,4.55,0.55,4.583121207212394
-5.5206962204222485,4.35,1.75,4.688816481800071
-5.515379638630825,4.2,2.1,4.695742752749559
-5.476363340025148,4.1,2.3,4.701063709417263
-5.476356675874821,4.5,1.3,4.684015371452148
-5.472946439722358,4.45,1.25,4.622228899567827
-5.472896295459145,2.55,1.55,2.9841246622753546
-5.467223213603204,4.3,1.9,4.701063709417263
-5.4661947305595335,4.55,0.65,4.596194077712559
-5.4660650293701645,2.5,0.8,2.6248809496813377
-5.465255232108963,2.5,1.9,3.1400636936215163
-5.447775130453237,2.55,1.25,2.839894364232585
-5.40895756659167,4.25,2.05,4.718580294961611
-5.399503606982662,4.35,1.65,4.652418725781247
-5.399138601671847,4.6,0.0,4.6
-5.39490171713819,4.6,0.1,4.601086828130936
-5.389473906790164,4.45,1.55,4.712218161333365
-5.3893567532681965,4.15,2.25,4.720699100768869
-5.378866586608858,4.6,0.2,4.604345773288535
-5.37684718009209,4.4,1.7,4.716990566028303
-5.364452149980381,4.5,1.4,4.712748667179271
-5.360916461480701,4.6,0.3,4.609772228646444
-5.3522635654572905,2.4,0.0,2.4
-5.334766448850246,4.6,0.4,4.617358552246078
-5.332935964747677,2.55,1.45,2.933428028774526
-5.323303936754793,2.55,1.35,2.885307609250701
-5.302022924730839,4.6,0.5,4.62709412050371
-5.298198003317944,4.2,2.2,4.741307836451879
-5.283321211400483,4.3,2.0,4.742362280551751
-5.279652435043665,2.4,2.3,3.324154027718932
-5.261696539364644,4.6,0.6,4.638965401897281
-5.254846294274626,4.4,1.6,4.68187996428785
-5.238335737441816,4.45,1.45,4.680277769534625
-5.230147860455621,2.4,0.1,2.4020824298928627
-5.227724113165861,4.6,0.7,4.652956049652736
-5.2117068886190845,4.55,1.35,4.746050990033714
-5.203390093573657,4.25,2.15,4.762877281643943
-5.176198856937562,4.65,0.05,4.650268809434569
-5.174259328624707,4.6,0.8,4.6690470119715
-5.168916181225599,4.65,0.15,4.652418725781248
-5.148775644492024,4.65,0.25,4.656715580750021
-5.12835307422069,4.65,0.35,4.663153439465615
-5.114253327924221,4.65,0.45,4.671723450719232
-5.105886756941784,4.5,1.6,4.775981574503821
-5.105311215895074,4.3,2.1,4.78539444560216
-5.0817713516141305,4.2,2.3,4.788527957525152
-5.079689036651152,4.65,0.55,4.682413907377263
-5.067667155690288,4.35,1.85,4.727049819919396
-5.058129818279058,4.4,1.9,4.792702786528704
-5.051838122505461,2.45,0.55,2.5109759058979444
-5.036493614486974,4.65,0.65,4.695210325427393
-5.018117488251352,4.75,0.35,4.762877281643943
-5.002300596740429,4.35,2.05,4.808846015417836
-4.992061223664144,4.75,0.45,4.771268175233918
-4.986812337596493,4.65,0.75,4.710095540432275
-4.970904290308304,4.55,1.55,4.806766064621826
-4.969614261310144,4.5,1.7,4.810405388322278
-4.964461150149953,4.7,0.0,4.7
-4.9629535937099325,4.45,1.65,4.746050990033715
-4.956075026596328,4.7,0.1,4.701063709417264
-4.951320566593009,4.5,1.5,4.743416490252569
-4.945019712958721,4.7,0.2,4.70425339453563
-4.943589555422842,4.4,1.8,4.753945729601885
-4.929398470755476,4.65,0.85,4.727049819919396
-4.927977448501313,4.7,0.3,4.709564735726647
-4.918551996648461,4.7,0.4,4.716990566028303
-4.894821433490999,4.35,1.95,4.76707457462121
-4.8882244010018665,4.7,0.5,4.72652091923859
-4.884741716376422,4.4,2.0,4.833218389437829
-4.865521141823321,4.65,0.95,4.746050990033715
-4.85121597904721,4.7,0.6,4.738143096192854
-4.843803897705719,4.55,1.65,4.839938016132025
-4.827376618942412,4.8,0.3,4.809365862564419
-4.817822907886934,4.45,1.75,4.781736086402093
-4.808784263573776,4.65,1.35,4.842003717470693
-4.807154751923633,4.7,0.7,4.751841748206689
-4.806903728662832,4.55,1.45,4.775458093209488
-4.805396570725653,4.8,0.4,4.816637831516919
-4.8004800299999575,2.45,2.05,3.1945265689926576
-4.800362927343103,2.4,0.2,2.4083189157584592
-4.780166625073502,4.45,1.95,4.8584977101980815
-4.775227565548608,4.6,1.3,4.780167361086848
-4.75599548121185,4.75,0.05,4.7502631506054485
-4.754916180566427,4.7,0.8,4.767598976424087
-4.748904478268555,4.75,0.15,4.752367830881781
-4.736141226822515,4.75,0.25,4.756574397610112
-4.725789730341722,4.4,2.1,4.8754486972995625
-4.713105169224402,4.65,1.45,4.870831551183022
-4.710932727593134,4.55,1.75,4.874935897014441
-4.706179125376812,4.25,2.25,4.808846015417836
-4.665964491949981,4.6,1.4,4.808326112068523
-4.665725957394425,4.45,1.85,4.8192323040085965
-4.663394799129577,4.75,0.55,4.781736086402092
-4.630306177363257,4.85,0.35,4.862612466565683
-4.62153175220531,4.7,1.0,4.805205510693586
-4.621427366611667,4.3,2.2,4.830113870293329
-4.616418278951406,4.45,2.05,4.89948976935354
-4.6075670045607104,4.85,0.45,4.870831551183021
-4.595673777452979,4.65,1.55,4.9015303732609885
-4.595358535523411,4.6,1.7,4.904079934095691
-4.586898614964899,2.5,0.9,2.657066051117285
-4.57784968951384,4.75,0.75,4.808846015417836
-4.575784785436797,4.7,1.4,4.904079934095692
-4.554704353640308,4.6,1.5,4.838388161361178
-4.549543002046306,4.8,0.2,4.804164859785725
-4.549219887367074,4.5,1.8,4.846648326421054
-4.54810052712716,4.8,0.0,4.8
-4.545269955377254,4.8,0.1,4.801041553663121
-4.5352213596153454,2.5,1.8,3.0805843601498726
-4.531301292724025,4.35,2.15,4.852319033204638
-4.489356796306131,4.8,0.5,4.825971404805461
-4.484960092015112,4.9,0.0,4.9
-4.472401473954246,4.9,0.2,4.904079934095692
-4.471653875453208,4.7,1.5,4.933558553417604
-4.46437451738798,4.6,1.8,4.939635614091388
-4.464180147555502,4.75,0.95,4.844068537913145
-4.438868506430884,4.6,1.6,4.870318264754368
-4.432858088066936,2.4,2.2,3.2557641192199416
-4.422935728995155,4.3,2.3,4.876474136094643
-4.415446818538673,4.9,0.5,4.925444142409901
-4.400802080868513,4.5,1.9,4.884669896727925
-4.396254842057625,4.75,1.05,4.864668539582116
-4.383090155249619,4.9,0.6,4.9365980188789935
-4.367923338478368,4.4,2.3,4.964876634922564
-4.361339473026789,4.8,0.8,4.866210024238575
-4.360218185084666,4.5,2.1,4.965883607174055
-4.359996500436332,4.85,0.05,4.85025772511111
-4.356532395096312,4.85,0.15,4.852319033204639
-4.356471951503607,4.65,1.75,4.968400144915867
-4.348182037707796,4.75,1.45,4.966387016735607
-4.344497260491656,4.85,0.25,4.856439024635232
-4.343475262750008,4.35,2.25,4.897448315194352
-4.324185227282467,4.75,1.15,4.8872282533149605
-4.313170777057962,4.95,0.05,4.95025251881154
-4.3075154625004535,4.95,0.15,4.9522722057657536
-4.295599737317669,4.95,0.25,4.9563091106185055
-4.293437539157009,4.55,1.85,4.911720676097125
-4.292241807231432,4.45,2.25,4.9864817256257945
-4.285680566660991,4.85,0.55,4.881085944746312
-4.260914169166786,4.4,2.2,4.919349550499538
-4.260473432835323,4.95,0.45,4.970412457734268
-4.251672556248676,4.9,0.9,4.98196748283246
-4.249925284297846,4.85,0.65,4.893362851863736
-4.248771109206,4.7,1.7,4.99799959983992
-4.247133258602099,4.75,1.55,4.996498774141749
-4.246891267715683,4.5,2.0,4.924428900898052
-4.243599878722267,4.75,1.25,4.911720676097125
-4.211641736038669,4.5,2.2,5.008991914547277
-4.19809451065088,4.95,0.65,4.992494366546646
-4.197373428176524,4.65,1.65,4.934065261019558
-4.194868156129891,4.9,1.0,5.000999900019996
-4.181765007263604,4.8,1.1,4.924428900898052
-4.180139596390333,4.9,0.1,4.901020301937139
-4.175249114261993,4.45,2.15,4.942165517260627
-4.162507485554472,4.75,1.35,4.938117050050556
-4.157937016974225,4.9,0.3,4.909175083453431
-4.157412127878784,4.85,0.85,4.923921201644071
-4.15128987157562,4.9,0.4,4.9162994213127424
-4.150055463151479,5.0,0.0,5.0
-4.149284106504552,4.55,1.95,4.95025251881154
-4.147322536261859,5.0,0.1,5.000999900019995
-4.139105941317461,5.0,0.2,5.0039984012787215
-4.126286727937557,5.0,0.3,5.008991914547277
-4.114080063006661,4.95,0.85,5.022449601539074
-4.1102366087504025,5.0,0.4,5.015974481593781
-4.101867483775665,4.85,0.95,4.9421655172606265
-4.084681350874884,2.4,0.3,2.4186773244895647
-4.081375584389747,4.7,1.6,4.964876634922565
-4.056086510396886,4.9,0.7,4.949747468305833
-4.046863129768528,4.6,1.9,4.976946855251721
-4.018553575841373,4.85,1.45,5.062114182829147
-4.011837460273234,4.9,0.8,4.964876634922565
-3.999470663688372,4.55,2.05,4.990490957811666
-3.9929422575120417,4.95,0.35,4.962358310319802
-3.99189418925933,5.05,0.05,5.050247518686584
-3.986640615111791,5.05,0.15,5.052227231627651
-3.975996096159788,5.05,0.25,5.05618433208284
-3.975624127357809,4.85,1.15,4.984475900232641
-3.9755335808561454,5.05,0.35,5.062114182829147
-3.9741118118906966,4.55,2.25,5.075923561284192
-3.958491258042969,2.45,0.65,2.534758371127316
-3.947429017333048,4.65,1.85,5.004497976820453
-3.9434332997494335,5.05,0.45,5.070009861923348
-3.942235203416466,4.95,0.55,4.98046182597558
-3.9286198147810265,5.05,0.55,5.079862202855506
-3.926316086224413,2.45,1.95,3.1312936623702354
-3.908578673652142,4.6,2.0,5.015974481593781
-3.90540122155079,4.75,1.85,5.097548430373173
-3.90151628386922,4.85,1.25,5.008492787256461
-3.884980717665791,5.05,0.65,5.091659847240386
-3.879495169563637,5.0,1.0,5.0990195135927845
-3.871067723883469,4.95,1.25,5.105389309347525
-3.868869113827577,4.95,0.75,5.006495780483591
-3.868591677447424,2.5,1.7,3.023243291566195
-3.868281365831256,4.7,2.0,5.107837115648854
-3.8591175597012817,4.75,1.65,5.028419234709851
-3.84583656649304,4.9,1.1,5.021951811795889
-3.845089825172613,4.55,2.15,5.032395056034452
-3.8423156797415055,5.1,0.0,5.1
-3.8394883635015695,5.1,0.1,5.10098029794274
-3.831808854543345,5.1,0.2,5.103920062069938
-3.8280989662976985,2.5,1.0,2.692582403567252
-3.8211830906218,4.85,1.35,5.03438178925675
-3.8188966881997097,5.1,0.3,5.10881590977792
-3.816596738500155,5.1,0.4,5.115662224971465
-3.8068911814894806,5.05,0.85,5.1210350516277465
-3.795962987440528,5.0,0.5,5.024937810560445
-3.793983307291116,5.1,0.5,5.124451190127583
-3.78307963447177,4.75,1.95,5.134685968976097
-3.777580812643734,4.9,1.2,5.044799302251776
-3.772893386939357,4.95,0.95,5.0403372903011165
-3.76647591194063,5.0,0.6,5.035871324805669
-3.7631329830679774,4.6,2.1,5.056678751908213
-3.7582106630166505,4.5,2.3,5.053711507397311
-3.757457530491095,5.0,1.2,5.141984052872976
-3.754068032288126,5.1,0.6,5.1351728305871065
-3.746963762574557,4.6,2.3,5.142956348249516
-3.7309297772236834,5.0,0.7,5.048762224545735
-3.724302719692734,4.9,1.6,5.15460958754395
-3.721029692898428,5.1,0.7,5.1478150704935
-3.720184320234132,4.95,1.05,5.0601383380299
-3.719804907932685,4.85,1.75,5.156064390598705
-3.703299542480436,4.9,1.3,5.069516742254631
-3.697223289570774,5.15,0.05,5.150242712727237
-3.692013223144536,5.15,0.15,5.152184002925362
-3.689898809155741,5.0,0.8,5.063595560468865
-3.683289665133673,5.1,0.8,5.162363799656123
-3.682144188582691,5.15,0.25,5.156064390598706
-3.681862344558502,5.15,0.35,5.161879502661797
-3.65628756988859,4.95,1.15,5.081830378908765
-3.654668828837144,5.1,0.9,5.1788029504896205
-3.647644727822217,5.15,0.45,5.169622810225134
-3.643091247191261,5.0,0.9,5.080354318352215
-3.6429981479814098,4.85,1.55,5.091659847240386
-3.638729851600352,5.15,0.55,5.179285665031424
-3.6280179475370655,4.9,1.7,5.186520991955977
-3.623181714229809,4.9,1.4,5.096076922496364
-3.613640528298428,4.6,2.2,5.0990195135927845
-3.609817709048664,5.15,0.65,5.190857347298229
-3.609252907211238,5.0,1.4,5.192301994298868
-3.607741220495432,5.1,1.0,5.197114584074513
-3.582722457522073,5.05,1.25,5.202403290787825
-3.579033958556201,4.8,2.0,5.2
-3.575500738084639,5.15,0.75,5.204325124355703
-3.559865019227672,5.05,0.75,5.105389309347525
-3.559355201650963,5.2,0.0,5.2
-3.556882693122577,5.2,0.1,5.200961449578338
-3.5539989631909443,5.1,1.1,5.217278984298233
-3.5494325570782204,5.2,0.2,5.203844732503075
-3.5456682694136563,4.85,1.65,5.122987409705395
-3.538148849448334,5.2,0.3,5.208646657242167
-3.537879689885173,4.9,1.5,5.124451190127584
-3.536842043951372,4.95,1.65,5.217758139277826
-3.5366316381248346,5.0,1.1,5.119570294468081
-3.5358025524985464,4.65,2.15,5.122987409705396
-3.535529063800547,5.2,0.4,5.215361924162119
-3.5271689492632765,4.9,1.8,5.220153254455275
-3.524153488745508,5.15,0.85,5.219674319342157
-3.5150263894285505,5.2,0.5,5.223983154643591
-3.5137368385838634,4.95,1.35,5.130789412946121
-3.508345970968815,5.05,1.35,5.22733201547405
-3.500723165019915,4.85,1.95,5.22733201547405
-3.49606000390104,5.15,0.95,5.236888389110465
-3.479088095812364,5.1,1.2,5.239274758971894
-3.4789712955639502,4.8,2.1,5.239274758971894
-3.474383885512143,5.05,0.95,5.138579570270368
-3.473464500611475,5.2,0.6,5.2345009313209605
-3.468464960504309,5.0,1.6,5.249761899362675
-3.460138966149901,4.7,2.1,5.1478150704935
-3.458640510498914,5.2,0.7,5.246903848937962
-3.457249953844087,4.7,2.3,5.232590180780452
-3.446938714604065,5.15,1.05,5.25594901040716
-3.444921789883953,4.9,1.9,5.2554733373883655
-3.434763143381754,5.05,1.45,5.254046059942755
-3.434460715180516,4.95,1.45,5.158003489723519
-3.4313185724213304,5.1,1.3,5.263078946776307
-3.425505864686286,5.25,0.05,5.250238089839355
-3.4214954100595167,5.05,1.05,5.158003489723519
-3.421160010634872,4.8,1.9,5.162363799656123
-3.421133666536554,5.25,0.15,5.252142420003479
-3.420212719762995,2.4,2.1,3.189043743820395
-3.416041598257132,4.75,2.25,5.25594901040716
-3.4121259000584403,5.25,0.25,5.25594901040716
-3.4113814654673624,5.2,0.8,5.261178575186363
-3.407548146102885,4.85,2.05,5.265453446760307
-3.404984413988971,5.0,1.3,5.166236541235796
-3.397904378648595,5.25,0.35,5.261653732430518
-3.394577797702276,4.65,2.25,5.16575260731677
-3.392819591392767,5.15,1.15,5.276836173314461
-3.38044906175085,4.75,2.05,5.173490117899134
-3.379531984827973,5.25,0.45,5.269250421075089
-3.3787922603250404,5.05,1.55,5.282518338822876
-3.3749125196955254,2.5,1.6,2.968164415931166
-3.3718827883743643,5.25,0.55,5.278730908087662
-3.370967043040244,5.2,0.9,5.277309920783504
-3.3653057740541272,4.95,1.85,5.28441103624614
-3.3623357672227985,5.05,1.15,5.179285665031424
-3.3576671028267606,5.0,1.7,5.281098370604358
-3.3524454550632767,4.8,2.2,5.280151512977634
-3.3498035785823768,4.95,1.55,5.187002988238969
-3.3449061888574243,5.25,0.65,5.290085065478626
-3.34044346742706,5.1,1.4,5.288667128870941
-3.3357753734265603,4.85,1.85,5.190857347298228
-3.334651907380334,4.9,2.0,5.292447448959697
-3.333382928798988,5.15,1.25,5.299528280894442
-3.326100394910091,5.2,1.0,5.295280917949491
-3.3230980725730195,4.7,2.2,5.189412298131649
-3.31295202396128,5.25,0.75,5.303300858899107
-3.2987803280694465,5.3,0.0,5.3
-3.296299548324225,5.3,0.1,5.300943312279429
-3.295642198232452,5.05,1.65,5.312720583655797
-3.2899406990075915,5.3,0.2,5.303772242470448
-3.2880006416761494,4.85,2.15,5.305186141880414
-3.278862323747993,5.3,0.3,5.308483775994799
-3.2772970753538493,5.3,0.4,5.315072906367325
-3.276251398546226,5.2,1.1,5.315072906367325
-3.270206741361709,5.15,1.35,5.324002253943927
-3.2674159800885128,5.1,1.5,5.316013544000805
-3.264912055254002,5.25,0.85,5.318364410229897
-3.264808258925214,5.0,1.8,5.314132102234569
-3.262306721148409,4.95,1.95,5.32024435529046
-3.2574382056509883,5.3,0.5,5.323532661682466
-3.252578717498513,5.0,1.5,5.220153254455275
-3.250497039455221,4.75,2.15,5.213923666491484
-3.2456016288683083,2.5,1.1,2.7313000567495327
-3.2397068931113893,5.25,0.95,5.335260068637704
-3.2379559966466616,5.2,1.2,5.336665625650534
-3.23440079138826,5.3,0.6,5.333854141237834
-3.2236094283123795,4.8,2.3,5.322593352868505
-3.205877468152158,5.3,0.7,5.346026561849464
-3.2005231774764376,4.9,2.1,5.331041174104736
-3.18994590366748,5.1,1.6,5.345091205957107
-3.186316157189788,5.05,1.75,5.344623466625127
-3.1796712168616432,2.4,0.4,2.433105012119288
-3.17966938454044,5.15,1.45,5.350233639758175
-3.178424334784906,5.2,1.3,5.360037313302959
-3.17719113866976,5.3,0.8,5.360037313302959
-3.175362549025161,5.35,0.05,5.350233639758174
-3.1721178341955607,5.25,1.05,5.353970489272424
-3.171314905044519,5.35,0.15,5.352102390649865
-3.167806510707889,5.0,1.9,5.348831648126533
-3.1650421092277163,4.95,1.75,5.250238089839355
-3.162999866379322,5.35,0.25,5.355837936308379
-3.1556108052115315,4.95,2.05,5.357704732439069
-3.149084542004566,5.35,0.35,5.361436374704077
-3.1437730217556834,5.25,1.15,5.374476718714111
-3.1437633857058507,4.85,2.25,5.34649417843132
-3.131579024949053,5.35,0.45,5.368891878218446
-3.1295792287528554,5.15,1.55,5.378196723809943
-3.125799018024773,5.35,0.55,5.378196723809942
-3.120013493377067,5.3,0.9,5.375872022286245
-3.117199857498565,5.05,1.85,5.378196723809943
-3.1154866103495924,5.2,1.4,5.385164807134505
-3.108355014441506,5.1,1.7,5.375872022286245
-3.105755667438044,4.9,2.2,5.371219600798314
-3.101432732507828,5.35,0.65,5.389341332667657
-3.097687356107381,5.3,1.0,5.3935146240647205
-3.0892571493718086,5.0,2.0,5.385164807134504
-3.089167193989829,5.25,1.25,5.3967582862307255
-3.059012981750493,5.4,0.0,5.4
-3.0565112180769374,5.4,0.1,5.400925846556311
-3.0564333316025,5.35,0.75,5.402314318882232
-3.0541749450145583,5.4,0.3,5.408326913195984
-3.05394700470628,2.45,1.85,3.07001628660175
-3.0514324599065774,5.3,1.1,5.412947441089743
-3.0503699269495206,5.4,0.2,5.403702434442518
-3.0478680308697217,5.2,1.5,5.412023651093923
-3.0458127257816034,4.95,2.15,5.3967582862307255
-3.0447845753230105,5.1,1.8,5.408326913195984
-3.0308529250301794,5.15,1.65,5.407864643276494
-3.024691588089784,5.4,0.4,5.414794548272353
-3.022446596326645,5.05,1.95,5.413409276971398
-3.0222681464187446,5.35,0.85,5.417102546564907
-3.021250291508645,5.4,0.5,5.4230987451825
-3.0076929782418524,5.25,1.35,5.420793299877796
-2.9989233641888835,5.4,0.6,5.43323108288245
-2.9874386727635804,4.9,2.3,5.412947441089743
-2.9863573170034745,2.5,1.5,2.9154759474226504
-2.9790747291461925,5.3,1.2,5.43415126767741
-2.977986923254472,5.35,0.95,5.433691194758863
-2.976213563813761,5.2,1.6,5.440588203494177
-2.964238975102755,5.0,2.1,5.423098745182499
-2.9609574461654224,5.35,1.05,5.452063829413591
-2.957831017516153,5.4,0.7,5.445181356024793
-2.9555083438091265,5.1,1.9,5.442425929675111
-2.950494387900892,5.15,1.75,5.439209501388966
-2.946278917758538,5.3,1.3,5.457105459856901
-2.944793185484315,5.25,1.45,5.446558546458488
-2.9444696215084667,5.45,0.05,5.450229352972221
-2.940400595774374,5.45,0.15,5.452063829413592
-2.93234148246858,5.45,0.25,5.455730931781735
-2.920974580878545,5.4,0.8,5.458937625582473
-2.920280080348636,5.45,0.35,5.461226968365259
-2.91431660591909,5.35,1.15,5.47220248163388
-2.912866875123548,4.95,2.25,5.437370688117557
-2.91134568041244,5.4,0.9,5.474486277268398
-2.9043109657102053,5.45,0.45,5.468546424782367
-2.903089478915495,5.05,2.05,5.450229352972221
-2.900701007723662,5.2,1.7,5.470831746635972
-2.900106399785562,5.25,1.55,5.474029594366476
-2.8935760671911352,2.45,0.75,2.562225595063792
-2.886042868344431,5.45,0.55,5.477681991499689
-2.878903872846384,5.0,2.2,5.462600113499065
-2.877401601955156,5.45,0.65,5.488624600025037
-2.8723297607982308,5.4,1.0,5.491812087098393
-2.8664606424747623,5.15,1.85,5.472202481633881
-2.865003577971353,5.3,1.4,5.481788029466299
-2.8628733564178046,5.1,2.0,5.478138369920935
-2.862224126302978,2.5,1.2,2.773084924772409
-2.853058431386531,5.45,0.75,5.501363467359705
-2.8417173957056714,5.35,1.25,5.494087731370877
-2.8363054544527784,5.5,0.0,5.5
-2.834271037269932,5.5,0.1,5.500909015790027
-2.8292738785489755,5.5,0.2,5.503635162326805
-2.8233886784314435,5.05,2.15,5.4886246000250365
-2.821588532515737,5.2,1.8,5.502726596879042
-2.819999259914775,5.5,0.4,5.514526271584895
-2.8188002517907536,5.5,0.3,5.508175741568165
-2.8089821195464,5.35,1.35,5.517698795693726
-2.807178759533346,5.25,1.65,5.503180898353242
-2.8038517662799776,5.4,1.1,5.510898293381942
-2.802758966653978,5.5,0.5,5.522680508593631
-2.8024562723918107,5.3,1.5,5.508175741568165
-2.801126292342317,5.15,1.95,5.506813960903346
-2.795994978381566,5.45,0.85,5.5158861482086445
-2.783696225158205,5.5,0.6,5.532630477449222
-2.782387730411548,5.4,1.2,5.531726674375733
-2.767180786915271,5.1,2.1,5.515432893255071
-2.761379833087894,5.5,0.7,5.544366510251645
-2.760196873513696,5.45,0.95,5.532178594369491
-2.757280652366958,2.5,1.4,2.8653097563788803
-2.754982835577888,5.25,1.75,5.533985905294664
-2.7494568451087766,5.0,2.3,5.503635162326805
-2.7458785807252686,5.45,1.05,5.550225220655465
-2.736355799047675,5.3,1.6,5.536244214266564
-2.731432837653607,5.55,0.05,5.550225220655465
-2.7281036023045404,5.35,1.45,5.543013620766234
-2.7272815987714543,5.55,0.15,5.552026656996524
-2.7211510549503624,2.5,1.3,2.817800560721074
-2.72025005297295,5.55,0.25,5.555627777308339
-2.720113483067036,5.05,2.25,5.528562200066125
-2.717357525980506,5.2,1.9,5.536244214266564
-2.710796380149016,5.15,2.05,5.543013620766235
-2.709037108953736,5.55,0.35,5.561025085359712
-2.708131853711118,5.5,0.8,5.5578772926361015
-2.706146252377339,5.4,1.3,5.554277630799527
-2.6916901936394244,5.55,0.55,5.577185670210379
-2.688114512105073,5.55,0.45,5.568213357981176
-2.6772090515160856,5.4,1.4,5.578530272392541
-2.67716122586026,5.45,1.15,5.570008976653448
-2.675480510054901,5.5,0.9,5.573149917237109
-2.666698239149318,5.3,1.7,5.565968020030298
-2.666198747832789,5.35,1.55,5.570008976653448
-2.655398214982511,5.25,1.85,5.566417160077028
-2.653832694249556,5.2,2.0,5.571355310873648
-2.6485896565999107,5.55,0.65,5.587933428379404
-2.6482872189818494,5.1,2.2,5.554277630799526
-2.6390124722931194,5.5,1.0,5.5901699437494745
-2.631520318882433,5.6,0.0,5.6
-2.630108045998579,5.45,1.25,5.591511423577708
-2.629339982528914,5.6,0.1,5.600892785976178
-2.6288348147940845,5.6,0.3,5.60802995712398
-2.624248443232408,5.5,1.1,5.608921464952063
-2.624245017006846,5.6,0.2,5.60357029044876
-2.6229786244135984,5.35,1.65,5.5986605540968455
-2.62242495333269,5.55,0.75,5.600446410778341
-2.618615375170954,5.4,1.5,5.604462507680822
-2.616944668771072,5.55,0.85,5.6147128154519175
-2.602520852736868,5.6,0.5,5.622277118748238
-2.596583441934117,5.6,0.4,5.61426753904728
-2.591384916038891,5.15,2.15,5.580770556114989
-2.588327001378272,5.3,1.8,5.597320787662611
-2.573980586780764,5.45,1.35,5.6147128154519175
-2.5695828853765645,5.25,1.95,5.600446410778341
-2.5565404229428808,5.6,0.6,5.632051136131489
-2.5541193080476097,5.35,1.75,5.628943062422998
-2.5535767796725977,5.55,0.95,5.6307193146169165
-2.550558057366977,5.45,1.45,5.63959218383741
-2.54972924907327,5.5,1.2,5.629387178015028
-2.5473731448230104,5.55,1.05,5.648451115128819
-2.5430044443810904,5.1,2.3,5.594640292279745
-2.539484686506924,5.3,1.9,5.630275304103699
-2.5391224246306403,5.2,2.1,5.608029957123981
-2.534323801759072,5.65,0.05,5.65022123460666
-2.5333847852429723,5.5,1.3,5.651548460377917
-2.53320347076595,5.6,0.7,5.643580423808984
-2.53078033842329,5.65,0.15,5.651990799709426
-2.526417275555274,5.4,1.6,5.63205113613149
-2.523874880643248,5.65,0.25,5.655528268871088
-2.522353648906902,5.15,2.25,5.620053380529406
-2.5146008041897847,5.65,0.45,5.667892024377317
-2.506160216547922,5.6,0.8,5.65685424949238
-2.5017884607748684,5.65,0.35,5.660830327787612
-2.4927870102029672,5.4,1.7,5.661271941887265
-2.4924477139256123,5.45,1.55,5.666127425323226
-2.4863074016841145,5.25,2.05,5.6360447123847415
-2.4823701949972268,5.35,1.85,5.660830327787611
-2.476229104655032,5.55,1.15,5.667892024377317
-2.4755777447686618,5.6,0.9,5.671860364994893
-2.475120280306625,5.2,2.2,5.646237685397242
-2.471977626756113,5.65,0.55,5.676706791793989
-2.460681244046353,5.3,2.0,5.664803615307419
-2.4565299141349084,5.65,0.75,5.699561386633185
-2.452064402185897,5.5,1.4,5.675385449465085
-2.4512043244742423,5.65,0.65,5.687266478722446
-2.441730265119539,5.6,1.0,5.688585061331157
-2.432432800094833,5.55,1.25,5.689024520952603
-2.4299782596857686,5.7,0.0,5.7
-2.4294311316205968,5.7,0.2,5.70350769263968
-2.429088037688205,5.5,1.5,5.70087712549569
-2.4287306427757835,5.7,0.1,5.70087712549569
-2.425206928444696,5.4,1.8,5.692099788303083
-2.4161002338500985,5.55,1.35,5.711829829397932
-2.415169851241212,5.7,0.3,5.707889277132135
-2.407842282857192,5.35,1.95,5.694295391003174
-2.4041272208161897,5.6,1.1,5.70701322935211
-2.4033497434481155,5.7,0.4,5.714017850864661
-2.401211071829428,5.45,1.65,5.694295391003174
-2.401032522153137,5.25,2.15,5.673182528352142
-2.399117075760812,5.65,0.85,5.713580313603722
-2.3978272086678087,5.65,0.95,5.729310604252487
-2.3942107910971573,5.6,1.2,5.727128425310541
-2.389692164198199,5.7,0.5,5.721887800367987
-2.382836256458417,5.2,2.3,5.6859475903318
-2.3790317849615,5.7,0.7,5.742821606144492
-2.3715975681996646,5.5,1.6,5.728001396647874
-2.3711337878670853,5.7,0.6,5.73149195236284
-2.3684795864409245,5.45,1.75,5.724071977185472
-2.365800601576564,5.55,1.45,5.736287998348758
-2.354865644857337,5.4,1.9,5.724508712544685
-2.3538237274667404,5.7,0.8,5.755866572463264
-2.3525098606363914,5.3,2.1,5.70087712549569
-2.3503845951141584,5.6,1.3,5.748912940721924
-2.3443396612034464,5.75,0.25,5.755432216610669
-2.3403061681757173,5.75,0.05,5.750217387195026
-2.33961703473573,5.25,2.25,5.711829829397932
-2.337051444582697,5.75,0.15,5.751956188984753
-2.333505961944696,5.65,1.05,5.746738205277843
-2.330864445657289,5.35,2.05,5.729310604252487
-2.3289324292228786,5.75,0.45,5.767581815631227
-2.325449587115332,5.7,0.9,5.770615218501404
-2.321009479865171,5.75,0.35,5.76064232529672
-2.312469488450237,5.55,1.55,5.762377981354573
-2.312064016909379,5.5,1.7,5.756735185849702
-2.3034242508982854,5.6,1.4,5.772347875864724
-2.296278707355063,5.75,0.65,5.786622503671723
-2.296259845671948,2.4,2.0,3.1240998703626617
-2.2958896112776115,5.65,1.15,5.765847726050351
-2.2958349796840616,5.3,2.2,5.738466694161429
-2.293147200862161,5.75,0.55,5.776244454660831
-2.2856498930604827,5.65,1.25,5.786622503671723
-2.2820504822727687,5.4,2.0,5.758472019555188
-2.2733934132768403,5.75,0.75,5.798706752371601
-2.271434903430391,5.45,1.85,5.755432216610669
-2.2639557463416664,5.7,1.0,5.7870545184921145
-2.2558966857558143,5.8,0.3,5.807753438292642
-2.255863617867289,5.55,1.65,5.790077719685635
-2.2547119936288023,5.8,0.0,5.8
-2.253548945570841,5.8,0.1,5.80086200490927
-2.253454300182805,5.6,1.5,5.797413216254298
-2.2515455988755497,5.35,2.15,5.765847726050351
-2.250003347434076,5.8,0.2,5.803447251418763
-2.2495033761092453,5.5,1.8,5.7870545184921145
-2.2446860584891577,5.8,0.4,5.813776741499453
-2.2418637567076445,5.65,1.35,5.80904467188883
-2.233265730694629,5.45,1.95,5.788350369492158
-2.2291714044174604,5.7,1.1,5.805170109479997
-2.2248571128112804,5.75,0.85,5.8124865591242445
-2.219720274242835,5.75,0.95,5.8279498968333625
-2.2170529378105868,5.8,0.5,5.821511831131154
-2.210641805042373,5.3,2.3,5.777542730261716
-2.1996007960944537,5.8,0.6,5.830951894845301
-2.191290635058385,5.7,1.2,5.82494635168428
-2.184361773048064,5.5,1.9,5.818934610390462
-2.179113786857758,5.8,0.7,5.842088667591412
-2.1777424232226816,5.85,0.25,5.85533944361896
-2.176568535544991,5.4,2.1,5.79396237474839
-2.1751242483867306,5.7,1.3,5.846366392897386
-2.17150399046431,5.85,0.05,5.850213671311502
-2.170526170001504,5.35,2.25,5.80387801388003
-2.170089243310125,5.85,0.15,5.851922760939348
-2.16929327572408,5.6,1.6,5.824087911424414
-2.168550889969803,5.85,0.35,5.86046073274107
-2.1661308079645063,5.55,1.75,5.81936422644261
-2.1642550069691247,5.65,1.45,5.833095233235953
-2.163811281224292,5.75,1.05,5.845083404024274
-2.1618684421489696,5.45,2.05,5.822800013739094
-2.1556250658793767,5.8,0.8,5.854912467321779
-2.152565578038544,5.75,1.15,5.863872440631702
-2.145839811974309,5.8,0.9,5.869412236331676
-2.1455713163685326,5.65,1.55,5.858754133772811
-2.144785867730848,5.6,1.7,5.852349955359812
-2.1427848786300183,5.85,0.45,5.867282164682384
-2.1314517633893253,5.7,1.4,5.869412236331676
-2.127465678716604,5.85,0.55,5.875797818169035
-2.125364294971736,5.85,0.65,5.88600033978932
-2.116988045920459,5.5,2.0,5.852349955359813
-2.114600729323908,5.75,1.25,5.88430114796991
-2.1048218929839413,5.55,1.85,5.850213671311502
-2.104088100937029,5.85,0.75,5.897880975401249
-2.102457439685374,5.4,2.2,5.830951894845301
-2.099531330909807,5.8,1.0,5.885575587824865
-2.0976043559001787,2.4,0.5,2.4515301344262523
-2.09417293189522,5.9,0.3,5.907622195096772
-2.0921390116994925,5.9,0.0,5.9
-2.090638821605193,5.9,0.1,5.900847396772772
-2.088771426765445,5.45,2.15,5.858754133772811
-2.086794298682166,5.6,1.8,5.882176467941097
-2.086602438896813,5.9,0.2,5.903388857258177
-2.0850215912494616,5.7,1.5,5.89406481131655
-2.0849875325613088,5.8,1.1,5.903388857258177
-2.0802895929380125,5.85,0.85,5.911429607125505
-2.0737627844113686,5.75,1.35,5.906352512337881
-2.070308224163228,5.9,0.4,5.913543776789007
-2.062091211882342,5.65,1.65,5.886000339789321
-2.0569880172337847,5.9,0.5,5.921148537234985
-2.0569000454128985,5.9,0.6,5.930430001273095
-2.0511510682056087,5.4,2.3,5.869412236331676
-2.049759078945192,5.8,1.2,5.922837157984339
-2.047350910184494,5.5,2.1,5.88727441181401
-2.041151828547337,5.55,1.95,5.882601465338273
-2.0377264380509,5.9,0.7,5.94138031100518
-2.0365912708526186,5.85,0.95,5.926634795564849
-2.03231232122646,5.65,1.75,5.914811915860047
-2.025006905847988,5.75,1.45,5.9300084316972095
-2.0216709197423564,5.95,0.25,5.955249784853697
-2.0165395511711632,5.95,0.05,5.950210080324895
-2.0158450355886046,5.95,0.35,5.960285228074241
-2.0157095211516385,5.9,0.8,5.953990258641679
-2.013846306775064,5.45,2.25,5.896185207403173
-2.0136632095221696,5.95,0.15,5.951890455981192
-2.0115649062556344,5.7,1.6,5.920304046246274
-2.006634971989247,5.85,1.05,5.943483826847684
-1.9957473326314048,5.6,1.9,5.913543776789007
-1.9940105858711483,5.8,1.3,5.943904440685432
-1.9904320648792044,5.85,1.15,5.961962764056817
-1.988099740711752,5.95,0.45,5.966992542311412
-1.9788347423970083,5.75,1.55,5.955249784853697
-1.9753479293862777,5.55,2.05,5.916502345136018
-1.974772267240647,5.9,0.9,5.96824932455071
-1.973678445389939,5.95,0.55,5.975366097570927
-1.969738607521335,5.5,2.2,5.923681287847955
-1.9691980978421548,5.65,1.85,5.945166103650932
-1.963753729401421,5.9,1.0,5.984145720150872
-1.9594399097065016,5.7,1.7,5.948108943185221
-1.9565882322872847,5.95,0.65,5.985398900658168
-1.956364505080032,5.85,1.25,5.982056502575013
-1.953389779350121,5.8,1.4,5.966573556070519
-1.9519074111646928,5.6,2.0,5.946427498927402
-1.9427531958909336,6.0,0.0,6.0
-1.941318580523632,6.0,0.1,6.000833275470999
-1.9371796935530976,6.0,0.2,6.003332407921453
-1.93669956971724,5.95,0.75,5.997082624076477
-1.933448267284672,5.9,1.1,6.001666435249463
-1.9304968415935964,6.0,0.3,6.007495318350236
-1.9304048223578365,5.75,1.65,5.982056502575013
-1.9302530616890965,5.95,0.85,6.010407640085654
-1.920764703280532,6.0,0.4,6.013318551349163
-1.91834062904152,5.85,1.35,6.00374882885685
-1.911214274130664,5.55,2.15,5.951890455981192
-1.9102477707990035,5.8,1.5,5.990826320300064
-1.9100819388636507,5.65,1.95,5.977039400907443
-1.909302244511408,6.0,0.6,6.029925372672534
-1.9082903509498548,6.0,0.5,6.020797289396148
-1.9056822595698544,5.7,1.8,5.977457653551383
-1.8971576910923784,5.5,2.3,5.961543424315552
-1.8913804137984225,6.0,0.7,6.040695324215583
-1.8887914250866065,5.95,0.95,6.025363059600641
-1.8841032664751505,5.9,1.2,6.020797289396148
-1.8829576342968948,5.8,1.6,6.016643582596529
-1.877841433231828,5.85,1.45,6.027022482121665
-1.8727068869464671,5.6,2.1,5.980802621722272
-1.8707894557446063,6.0,0.8,6.053098380168622
-1.8678642945012167,2.45,1.75,3.0108138434649194
-1.864976791348351,5.9,1.3,6.041522986797286
-1.8608179903290256,5.95,1.05,6.041936775571224
-1.8607140753625315,5.75,1.75,6.010407640085654
-1.859977477102266,2.3,2.3,3.2526911934581184
-1.849776033848928,5.7,1.9,6.008327554319921
-1.846814899341657,5.95,1.15,6.060115510450276
-1.842028450139792,5.55,2.25,5.988739433303138
-1.8349228952795265,5.8,1.7,6.04400529450463
-1.8339935756659127,5.65,2.05,6.010407640085654
-1.8314728154061144,6.0,0.9,6.067124524847006
-1.8270613307331487,5.9,1.4,6.063827174318213
-1.822323118210046,6.0,1.0,6.082762530298219
-1.8212371063301795,5.6,2.2,6.016643582596529
-1.8173613535469968,5.85,1.55,6.051859218455102
-1.8136629380241,5.95,1.25,6.07988486733096
-1.810171512196728,5.7,2.0,6.040695324215583
-1.807774328017768,5.75,1.85,6.040281450396165
-1.7905599778912304,5.85,1.65,6.0782398768064425
-1.7880756006341374,5.9,1.5,6.087692502089769
-1.7859147064181498,5.65,2.15,6.045246066125018
-1.778249073577142,5.95,1.35,6.10122938431264
-1.7774850600549053,6.0,1.1,6.1
-1.770033293116623,2.45,0.85,2.5932604959779884
-1.7660584960761352,5.8,1.8,6.072890580275591
-1.763181303524412,6.0,1.2,6.118823416311342
-1.7536202474894145,5.75,1.95,6.071655457945552
-1.750308207794799,5.7,2.1,6.074537019394977
-1.743341106633152,5.85,1.75,6.106144446375306
-1.739337229550471,5.6,2.3,6.053924347066124
-1.7300955990828255,6.0,1.3,6.139218191268331
-1.728199486891262,5.9,1.6,6.11310068623117
-1.724170119751934,5.95,1.45,6.1241325916410405
-1.7216726846425,5.65,2.25,6.081529412902646
-1.7148396577859055,5.8,1.9,6.103277807866851
-1.7144820796377969,5.75,2.05,6.104506532063014
-1.7010020222036364,5.9,1.7,6.1400325732035
-1.694730663415476,6.0,1.4,6.161168720299745
-1.694160186978909,5.85,1.85,6.1355521348938105
-1.6891345010617624,5.7,2.2,6.109828148156051
-1.6843502355998248,5.95,1.55,6.1485770711604495
-1.6640214221465042,5.8,2.0,6.135144660071187
-1.6584719672008466,5.95,1.65,6.174544517614234
-1.6434593602928078,5.85,1.95,6.16644143732834
-1.6418692461702695,5.75,2.15,6.13881095978692
-1.6410544527135749,6.0,1.5,6.18465843842649
-1.6379538554807984,5.9,1.8,6.168468205316454
-1.6259890264154306,5.7,2.3,6.146543744251724
-1.6232249318024208,5.8,2.1,6.168468205316454
-1.617591327838112,6.0,1.6,6.20966987850401
-1.5985232568840402,5.95,1.75,6.202015801334273
-1.5918950710821107,5.9,1.9,6.198386886924694
-1.589936657223054,5.85,2.05,6.198790204547981
-1.5824018764570391,5.75,2.25,6.174544517614234
-1.5760993875057727,6.0,1.7,6.236184731067546
-1.565775225352208,5.8,2.2,6.203224967708329
-1.5567598748000036,5.9,2.0,6.229767250869008
-1.5563533239271108,5.95,1.85,6.230971031869752
-1.535048666081422,5.85,2.15,6.232575711533715
-1.5328063342855165,6.0,1.8,6.26418390534633
-1.5083742776437368,5.95,1.95,6.261389622120636
-1.5043158975927515,5.9,2.1,6.26258732474047
-1.4942001815320474,5.8,2.3,6.239390995922599
-1.4754138090337707,6.0,1.9,6.293647591023825
-1.4717189358059173,5.95,2.05,6.293250352560273
-1.4662887547369474,5.85,2.25,6.2677747247328535
-1.4514579291520815,5.9,2.2,6.296824596572467
-1.42835268611728,6.0,2.0,6.324555320336759
-1.420932871352307,5.95,2.15,6.326531435154654
-1.3974402811296296,5.9,2.3,6.332456079595025
-1.3805414628566763,6.0,2.1,6.356886030125127
-1.3579090105562517,5.95,2.25,6.361210576611971
-1.331542943895759,6.0,2.2,6.390618123468183
-1.2814834664064392,6.0,2.3,6.4257295305669375
-1.1281695547232362,2.4,1.9,3.061045573002793
-1.0632044694446925,2.45,1.65,2.953811097548386
-0.9098666515146516,2.4,0.6,2.4738633753705965
-0.8769839846633831,2.45,0.95,2.6277366686941828
-0.3708462257159615,2.3,2.2,3.1827660925679098
-0.3680281928586893,2.45,1.55,2.899137802864845
-0.1609180730709714,2.45,1.05,2.665520587052368
0.1634323354729826,2.45,1.45,2.846928169097352
0.3097467840824052,2.45,1.15,2.706473720544872
0.3305869462379696,2.4,0.7,2.5
0.369456084471454,2.4,1.8,3.0
0.457017255955195,2.45,1.35,2.797320146139873
0.5147569132087221,2.45,1.25,2.7504545078950136
